City_ID,City,Country,Date,Lat,Lng,Max Temp,Humidity,Cloudiness,Wind Speed
0,Qaanaaq,GL,2022-01-24 18:21:08,77.484,-69.3632,-12.32,85,83,7.07
1,Smithers,CA,2022-01-24 18:21:08,54.7804,-127.1743,32.32,93,100,3.44
2,Mataura,NZ,2022-01-24 18:21:09,-46.1927,168.8643,42.93,98,87,0.96
3,Busselton,AU,2022-01-24 18:21:10,-33.65,115.3333,61.05,85,2,9.53
4,Heinola,FI,2022-01-24 18:21:10,61.2056,26.0381,33.89,91,100,8.68
5,Quelimane,MZ,2022-01-24 18:21:10,-17.8786,36.8883,78.75,94,75,14.97
6,Nanortalik,GL,2022-01-24 18:21:10,60.1432,-45.2371,29.14,96,100,14.83
7,Port Alfred,ZA,2022-01-24 18:21:11,-33.5906,26.891,72.66,78,11,15.03
8,Chokurdakh,RU,2022-01-24 18:21:11,70.6333,147.9167,-23.33,99,100,4.36
9,Yamada,JP,2022-01-24 18:21:11,39.4667,141.95,28.96,69,8,4.99
10,Yar-Sale,RU,2022-01-24 18:21:12,66.8333,70.8333,1.83,97,23,12.35
11,Ketou,BJ,2022-01-24 18:21:12,7.3633,2.5998,89.02,15,1,2.8
12,Hualmay,PE,2022-01-24 18:21:12,-11.0964,-77.6139,77.04,72,62,11.21
13,Puerto Ayora,EC,2022-01-24 18:21:13,-0.7393,-90.3518,84.16,74,91,10.0
14,Ushuaia,AR,2022-01-24 18:21:13,-54.8,-68.3,51.46,71,75,3.44
15,Bluff,NZ,2022-01-24 18:21:13,-46.6,168.3333,52.84,80,98,10.69
16,Serebryansk,KZ,2022-01-24 18:21:14,49.6925,83.2892,-9.29,100,95,1.19
17,Pangnirtung,CA,2022-01-24 18:21:14,66.1451,-65.7125,2.26,87,100,3.2
18,Punta Arenas,CL,2022-01-24 18:17:06,-53.15,-70.9167,60.91,51,0,44.87
19,Lavrentiya,RU,2022-01-24 18:21:14,65.5833,-171.0,2.14,93,100,4.54
20,Fallon,US,2022-01-24 18:21:15,39.4735,-118.7774,41.92,65,40,5.75
21,Puerto Escondido,MX,2022-01-24 18:21:15,15.85,-97.0667,86.83,62,0,9.22
22,Nchelenge,ZM,2022-01-24 18:21:15,-9.3451,28.734,70.52,82,100,1.92
23,Port Elizabeth,ZA,2022-01-24 18:21:15,-33.918,25.5701,74.1,83,0,29.93
24,Rikitea,PF,2022-01-24 18:21:16,-23.1203,-134.9692,78.12,70,100,19.39
25,Touros,BR,2022-01-24 18:21:16,-5.1989,-35.4608,88.7,58,31,12.44
26,Avera,US,2022-01-24 18:21:16,33.194,-82.5271,56.75,41,0,10.0
27,Zhezkazgan,KZ,2022-01-24 18:21:17,47.8043,67.7144,-7.62,77,40,8.95
28,Atuona,PF,2022-01-24 18:21:17,-9.8,-139.0333,78.37,74,6,17.6
29,Panzhihua,CN,2022-01-24 18:21:17,26.5851,101.7128,48.81,77,19,2.35
30,Ribeirao Preto,BR,2022-01-24 18:21:18,-21.1775,-47.8103,93.2,38,40,8.05
31,Tasiilaq,GL,2022-01-24 18:21:18,65.6145,-37.6368,19.56,65,100,13.31
32,Souillac,MU,2022-01-24 18:21:18,-20.5167,57.5167,79.18,69,75,13.8
33,Tura,IN,2022-01-24 18:21:19,25.5198,90.2201,57.54,85,42,2.06
34,San Cristobal,VE,2022-01-24 18:21:19,7.7669,-72.225,80.78,44,69,5.93
35,Faanui,PF,2022-01-24 18:21:20,-16.4833,-151.75,80.2,77,100,10.94
36,Khatanga,RU,2022-01-24 18:21:20,71.9667,102.5,1.54,95,97,15.97
37,Fortuna,US,2022-01-24 18:21:20,40.5982,-124.1573,53.1,72,44,0.36
38,Georgetown,MY,2022-01-24 18:21:20,5.4112,100.3354,80.53,93,20,2.3
39,New Norfolk,AU,2022-01-24 18:21:21,-42.7826,147.0587,61.92,70,99,0.54
40,Bahawalpur,PK,2022-01-24 18:21:21,29.4,71.6833,56.1,44,2,3.51
41,Hermanus,ZA,2022-01-24 18:21:21,-34.4187,19.2345,71.91,84,26,8.12
42,Albany,US,2022-01-24 18:20:00,42.6001,-73.9662,26.67,54,16,1.86
43,Longyearbyen,SJ,2022-01-24 18:21:10,78.2186,15.6401,17.44,62,100,13.8
44,Bonnyville,CA,2022-01-24 18:21:22,54.2668,-110.735,9.72,91,100,5.64
45,Rawson,AR,2022-01-24 18:21:22,-43.3002,-65.1023,75.34,31,1,11.12
46,Bredasdorp,ZA,2022-01-24 18:21:23,-34.5322,20.0403,70.92,78,10,9.22
47,Gravdal,NO,2022-01-24 18:21:23,68.1214,13.5031,30.09,69,75,27.63
48,Samarai,PG,2022-01-24 18:22:23,-10.6167,150.6667,82.51,76,78,10.25
49,Cabadiangan,PH,2022-01-24 18:22:24,9.7531,122.4739,77.38,90,100,13.4
50,Esperance,AU,2022-01-24 18:22:24,-33.8667,121.9,63.18,87,37,9.82
51,Quatre Cocos,MU,2022-01-24 18:22:24,-20.2078,57.7625,78.91,63,81,19.44
52,Srednekolymsk,RU,2022-01-24 18:22:25,67.45,153.6833,-26.32,99,99,6.76
53,San Andres,CO,2022-01-24 18:22:22,12.5847,-81.7006,84.22,65,20,13.8
54,Kapaa,US,2022-01-24 18:20:48,22.0752,-159.319,71.92,73,20,12.66
55,Husavik,IS,2022-01-24 18:22:25,66.0449,-17.3389,35.51,83,71,11.39
56,Thompson,CA,2022-01-24 18:22:25,55.7435,-97.8558,-18.24,63,0,12.66
57,Jamestown,US,2022-01-24 18:20:32,42.097,-79.2353,20.52,56,100,5.99
58,Silute,LT,2022-01-24 18:22:26,55.3489,21.4831,37.22,97,100,13.2
59,Bengkulu,ID,2022-01-24 18:22:26,-3.8004,102.2655,77.14,86,100,3.85
60,Berlevag,NO,2022-01-24 18:22:27,70.8578,29.0864,28.4,100,100,34.52
61,Nikolskoye,RU,2022-01-24 18:22:27,59.7035,30.7861,32.72,92,100,12.44
62,Flagstaff,US,2022-01-24 18:22:27,35.1981,-111.6513,51.12,30,0,1.99
63,Agua Dulce,MX,2022-01-24 18:22:28,18.1333,-94.1333,73.18,78,35,2.04
64,Kaeo,NZ,2022-01-24 18:22:28,-35.1,173.7833,67.32,96,80,11.92
65,Bafq,IR,2022-01-24 18:22:29,31.6128,55.4107,49.55,22,0,2.57
66,Hobart,AU,2022-01-24 18:22:29,-42.8794,147.3294,62.26,84,99,1.05
67,Silikatnyy,RU,2022-01-24 18:22:29,53.9896,48.3275,-4.68,99,89,2.57
68,Barrow,US,2022-01-24 18:22:29,71.2906,-156.7887,8.62,78,100,24.16
69,New Iberia,US,2022-01-24 18:21:00,30.0035,-91.8187,60.98,58,20,3.44
70,Ponta Do Sol,PT,2022-01-24 18:22:30,32.6667,-17.1,65.01,53,89,6.62
71,Katherine,AU,2022-01-24 18:22:30,-14.4667,132.2667,77.32,94,100,5.75
72,Vaini,TO,2022-01-24 18:22:30,-21.2,-175.2,75.36,100,20,3.44
73,Hami,CN,2022-01-24 18:22:31,42.8,93.45,25.23,50,99,1.21
74,Bethel,US,2022-01-24 18:22:31,41.3712,-73.414,32.36,61,20,0.0
75,Tuktoyaktuk,CA,2022-01-24 18:22:31,69.4541,-133.0374,6.8,85,40,17.27
76,Guerrero Negro,MX,2022-01-24 18:22:32,27.9769,-114.0611,65.3,47,0,8.61
77,Komsomolskiy,UZ,2022-01-24 18:22:32,40.4272,71.7189,31.42,80,51,6.91
78,Kirksville,US,2022-01-24 18:18:29,40.1948,-92.5833,38.59,74,100,4.0
79,Cap Malheureux,MU,2022-01-24 18:22:32,-19.9842,57.6142,79.29,71,39,7.0
80,Saint-Pierre,RE,2022-01-24 18:22:33,-21.3393,55.4781,78.48,61,75,19.57
81,Katsuura,JP,2022-01-24 18:22:33,35.1333,140.3,39.31,63,8,11.79
82,Cape Town,ZA,2022-01-24 18:18:30,-33.9258,18.4232,72.12,79,40,5.01
83,Namibe,AO,2022-01-24 18:22:33,-15.1961,12.1522,75.56,86,27,5.91
84,Dunedin,NZ,2022-01-24 18:22:34,-45.8742,170.5036,57.79,92,66,3.65
85,Ekhabi,RU,2022-01-24 18:22:34,53.5102,142.9671,-6.3,99,99,10.4
86,Castro,BR,2022-01-24 18:22:34,-24.7911,-50.0119,86.81,45,19,6.98
87,Wyoming,US,2022-01-24 18:22:35,43.0002,-107.5009,32.83,41,42,7.49
88,Shetpe,KZ,2022-01-24 18:22:35,44.1667,52.1167,32.59,63,99,19.37
89,Khani,GE,2022-01-24 18:22:35,41.9563,42.9566,29.77,94,88,3.02
90,Codrington,AU,2022-01-24 18:22:36,-38.2667,141.9667,69.58,57,99,7.4
91,Kaduy,RU,2022-01-24 18:22:36,59.2,37.15,17.64,88,71,10.42
92,Petropavlovsk-Kamchatskiy,RU,2022-01-24 18:22:36,53.0452,158.6483,0.19,66,75,8.95
93,Yumen,CN,2022-01-24 18:22:37,40.2833,97.2,19.71,46,59,6.76
94,Sinnamary,GF,2022-01-24 18:23:37,5.3833,-52.95,78.26,85,97,10.89
95,Lapua,FI,2022-01-24 18:23:08,62.9693,23.0088,37.11,93,44,7.18
96,Emerald,AU,2022-01-24 18:23:37,-23.5333,148.1667,77.14,73,100,6.91
97,Mandalgovi,MN,2022-01-24 18:23:38,45.7625,106.2708,1.94,90,11,12.03
98,Grand-Santi,GF,2022-01-24 18:23:38,4.25,-54.3833,78.82,91,55,4.16
99,Severo-Kurilsk,RU,2022-01-24 18:23:38,50.6789,156.125,22.5,72,96,9.24
100,Dikson,RU,2022-01-24 18:23:39,73.5069,80.5464,10.69,91,100,29.28
101,Kavieng,PG,2022-01-24 18:23:39,-2.5744,150.7967,81.52,78,76,7.14
102,Fuxin,CN,2022-01-24 18:23:39,42.0156,121.6589,13.68,62,15,1.66
103,Hilo,US,2022-01-24 18:20:08,19.7297,-155.09,72.63,71,40,5.75
104,Upernavik,GL,2022-01-24 18:23:39,72.7868,-56.1549,-9.0,76,65,8.86
105,Butaritari,KI,2022-01-24 18:23:40,3.0707,172.7902,81.7,73,55,14.45
106,Kyabram,AU,2022-01-24 18:23:40,-36.3167,145.05,73.38,40,100,6.29
107,Trinidad,BO,2022-01-24 18:23:40,-14.8333,-64.9,89.58,66,75,3.44
108,Collie,AU,2022-01-24 18:23:41,-33.3667,116.15,57.97,75,31,8.1
109,Alofi,NU,2022-01-24 18:23:41,-19.0595,-169.9187,73.29,100,40,2.3
110,Bayir,TR,2022-01-24 18:23:41,37.2687,28.2167,36.12,52,99,5.75
111,Karratha,AU,2022-01-24 18:23:42,-20.7377,116.8463,83.57,76,39,13.24
112,Carnarvon,AU,2022-01-24 18:23:42,-24.8667,113.6333,75.27,83,0,19.57
113,Ostrovnoy,RU,2022-01-24 18:23:42,68.0531,39.5131,33.84,97,100,19.71
114,Aksu,CN,2022-01-24 18:23:43,41.1231,80.2644,23.83,55,8,1.14
115,Vila Velha,BR,2022-01-24 18:22:38,-20.3297,-40.2925,87.44,65,20,5.99
116,Nosivka,UA,2022-01-24 18:23:43,50.9315,31.5828,14.77,95,79,8.99
117,Bambous Virieux,MU,2022-01-24 18:23:44,-20.3428,57.7575,79.05,69,75,13.8
118,Port Lincoln,AU,2022-01-24 18:23:44,-34.7333,135.8667,68.52,90,29,3.74
119,Torbay,CA,2022-01-24 18:23:44,47.6666,-52.7314,33.76,94,100,18.41
120,Cidreira,BR,2022-01-24 18:23:45,-30.1811,-50.2056,82.18,75,28,9.78
121,Rio Gallegos,AR,2022-01-24 18:21:37,-51.6226,-69.2181,68.05,28,75,24.16
122,Bilibino,RU,2022-01-24 18:23:45,68.0546,166.4372,-41.82,100,100,1.79
123,Lixourion,GR,2022-01-24 18:23:45,38.2019,20.4314,40.86,52,75,17.27
124,Araouane,ML,2022-01-24 18:23:46,18.9048,-3.5265,72.41,10,72,9.8
125,Kita,ML,2022-01-24 18:23:46,13.0349,-9.4895,86.41,8,23,4.72
126,Huarmey,PE,2022-01-24 18:23:46,-10.0681,-78.1522,76.93,74,61,11.21
127,Yenotayevka,RU,2022-01-24 18:23:47,47.2456,47.0281,29.19,88,100,14.27
128,San Luis,AR,2022-01-24 18:23:28,-33.295,-66.3356,82.98,52,49,1.57
129,Saskylakh,RU,2022-01-24 18:23:47,71.9167,114.0833,-14.66,98,95,5.23
130,Saint-Philippe,RE,2022-01-24 18:23:47,-21.3585,55.7679,78.39,71,89,16.93
131,Arraial Do Cabo,BR,2022-01-24 18:23:48,-22.9661,-42.0278,85.96,65,0,24.16
132,Igarka,RU,2022-01-24 18:23:48,67.4667,86.5833,-11.79,100,100,7.78
133,Upata,VE,2022-01-24 18:23:48,8.0086,-62.3989,83.61,51,98,3.91
134,Kahului,US,2022-01-24 18:23:49,20.8947,-156.47,73.85,70,20,8.05
135,Acapulco,MX,2022-01-24 18:19:01,16.8634,-99.8901,87.62,45,20,2.3
136,Bat Khela,PK,2022-01-24 18:23:49,34.6167,71.9714,48.69,70,49,2.04
137,Orlik,RU,2022-01-24 18:21:18,52.5178,99.825,-6.57,94,100,2.42
138,Mar Del Plata,AR,2022-01-24 18:24:49,-38.0023,-57.5575,84.22,66,0,15.01
139,Geraldton,AU,2022-01-24 18:24:50,-28.7667,114.6,73.81,35,0,20.71
140,Saint Anthony,US,2022-01-24 18:24:50,45.0205,-93.218,11.66,68,0,7.0
141,Roma,US,2022-01-24 18:21:21,43.2128,-75.4557,22.66,56,75,3.44
142,Chilca,PE,2022-01-24 18:24:51,-12.5211,-76.7372,77.07,81,60,8.19
143,Lauria,IT,2022-01-24 18:24:51,40.0465,15.8358,29.73,63,26,9.28
144,Hofn,IS,2022-01-24 18:24:51,64.2539,-15.2082,30.22,69,75,6.91
145,Tiksi,RU,2022-01-24 18:24:52,71.6872,128.8694,-8.46,98,100,3.87
146,Vestmannaeyjar,IS,2022-01-24 18:24:52,63.4427,-20.2734,38.39,93,40,16.11
147,Hambantota,LK,2022-01-24 18:24:52,6.1241,81.1185,71.94,100,40,2.3
148,Rocha,UY,2022-01-24 18:22:26,-34.4833,-54.3333,84.67,67,67,4.81
149,Marienburg,PL,2022-01-24 18:24:53,54.0359,19.0266,40.12,99,100,8.57
150,Saldanha,ZA,2022-01-24 18:24:53,-33.0117,17.9442,68.05,87,14,23.96
151,Katangli,RU,2022-01-24 18:24:53,51.7102,143.2326,-5.49,94,84,9.98
152,Ancud,CL,2022-01-24 18:24:54,-41.8697,-73.8203,65.73,72,66,5.75
153,Nantucket,US,2022-01-24 18:24:54,41.2835,-70.0995,37.26,69,17,7.58
154,Brae,GB,2022-01-24 18:24:54,60.3964,-1.353,44.51,67,72,14.38
155,Bongandanga,CD,2022-01-24 18:24:54,1.5,21.05,82.44,44,99,1.52
156,Cabo San Lucas,MX,2022-01-24 18:22:52,22.8909,-109.9124,72.61,60,20,4.61
157,Pisco,PE,2022-01-24 18:24:55,-13.7,-76.2167,76.01,64,0,9.22
158,Norman Wells,CA,2022-01-24 18:24:55,65.282,-126.8329,8.64,85,75,9.22
159,Buala,SB,2022-01-24 18:24:55,-8.145,159.5921,80.87,84,90,7.27
160,Mahebourg,MU,2022-01-24 18:24:56,-20.4081,57.7,79.09,69,75,13.8
161,Na Klang,TH,2022-01-24 18:24:56,17.3072,102.1889,74.12,54,3,0.63
162,Sai Buri,TH,2022-01-24 18:24:56,6.7013,101.6168,75.07,84,60,5.19
163,Cherskiy,RU,2022-01-24 18:24:57,68.75,161.3,-27.42,99,100,7.7
164,Trapani,IT,2022-01-24 18:24:57,37.8333,12.6667,50.18,81,20,4.61
165,Hobyo,SO,2022-01-24 18:24:57,5.3505,48.5268,76.69,71,15,22.68
166,Lorengau,PG,2022-01-24 18:24:57,-2.0226,147.2712,81.16,81,54,7.31
167,Klaksvik,FO,2022-01-24 18:24:58,62.2266,-6.589,40.12,68,99,16.02
168,Znamenskoye,RU,2022-01-24 18:24:58,57.1281,73.8282,8.87,94,100,4.99
169,Kyzyl-Suu,KG,2022-01-24 18:24:59,42.3414,78.0056,20.25,65,92,6.46
170,Chuy,UY,2022-01-24 18:24:59,-33.6971,-53.4616,83.59,66,66,5.95
171,Darab,IR,2022-01-24 18:24:59,28.7519,54.5444,50.85,41,0,1.97
172,Moerai,PF,2022-01-24 18:25:00,-22.4333,-151.3333,79.54,83,100,18.86
173,Maniitsoq,GL,2022-01-24 18:25:00,65.4167,-52.9,25.72,78,100,15.19
174,Lompoc,US,2022-01-24 18:23:14,34.6391,-120.4579,71.56,53,0,3.44
175,Tarko-Sale,RU,2022-01-24 18:25:00,64.9225,77.785,-6.38,100,73,9.95
176,Lesozavodsk,RU,2022-01-24 18:25:01,45.4794,133.4244,-11.88,100,64,3.78
177,Bara,NG,2022-01-24 18:25:01,10.3744,10.7288,75.99,18,2,8.81
178,Aklavik,CA,2022-01-24 18:25:01,68.2191,-135.0107,16.63,85,100,12.66
179,Yellowknife,CA,2022-01-24 18:25:02,62.456,-114.3525,-21.44,76,20,6.91
180,Wadi Musa,JO,2022-01-24 18:25:02,30.3222,35.4793,37.4,81,30,3.0
181,Muli,MV,2022-01-24 18:26:03,2.9167,73.5667,81.37,65,83,11.65
182,Suntar,RU,2022-01-24 18:26:03,62.1444,117.6319,-1.39,97,100,5.37
183,Tacuarembo,UY,2022-01-24 18:22:08,-31.7333,-55.9833,94.41,44,54,13.53
184,Gat,IL,2022-01-24 18:26:03,31.61,34.7642,48.88,100,100,7.34
185,Ribeira Grande,PT,2022-01-24 18:26:04,38.5167,-28.7,63.0,59,20,4.61
186,Bukama,CD,2022-01-24 18:26:04,-9.2,25.85,70.83,92,68,1.59
187,Asilah,MA,2022-01-24 18:26:04,35.465,-6.0348,57.16,78,65,19.98
188,Iaciara,BR,2022-01-24 18:24:21,-14.0958,-46.6317,84.63,58,32,2.53
189,Teya,RU,2022-01-24 18:21:16,60.3778,92.6267,0.55,99,100,2.39
190,Saint George,US,2022-01-24 18:26:05,37.1041,-113.5841,52.27,43,0,3.0
191,Aswan,EG,2022-01-24 18:26:06,24.0934,32.907,57.51,39,77,10.4
192,Kudahuvadhoo,MV,2022-01-24 18:26:07,2.6708,72.8944,81.05,66,80,11.5
193,Anadyr,RU,2022-01-24 18:26:07,64.75,177.4833,-21.5,76,40,13.42
194,Pevek,RU,2022-01-24 18:26:07,69.7008,170.3133,-15.88,98,100,8.19
195,Tongliao,CN,2022-01-24 18:26:08,43.6125,122.2653,-5.31,100,57,3.02
196,Puerto Carreno,CO,2022-01-24 18:24:11,6.189,-67.4859,94.98,41,40,3.44
197,Santo Antonio Do Ica,BR,2022-01-24 18:26:08,-3.1022,-67.9397,88.18,59,63,3.74
198,San Patricio,US,2022-01-24 18:26:08,28.017,-97.5169,51.89,91,100,10.74
199,Bubaque,GW,2022-01-24 18:26:09,11.2833,-15.8333,79.2,57,25,12.28
200,Bisert,RU,2022-01-24 18:26:09,56.8617,59.0523,6.06,100,96,4.07
201,Shingu,JP,2022-01-24 18:26:10,33.7333,135.9833,38.05,68,47,5.03
202,Polyarnyy,RU,2022-01-24 18:26:10,69.1989,33.4478,30.67,75,100,19.66
203,Narsaq,GL,2022-01-24 18:26:10,60.9167,-46.05,28.62,97,100,3.67
204,Nova Olinda Do Norte,BR,2022-01-24 18:26:10,-3.8881,-59.0942,87.28,64,96,3.49
205,Rimbey,CA,2022-01-24 18:26:11,52.6334,-114.2353,34.72,93,100,18.16
206,Sambava,MG,2022-01-24 18:26:11,-14.2667,50.1667,75.31,94,100,10.94
207,Kodiak,US,2022-01-24 18:26:12,57.79,-152.4072,42.31,75,100,3.44
208,Copiapo,CL,2022-01-24 18:22:01,-27.3667,-70.3333,83.62,30,96,10.51
209,Ilulissat,GL,2022-01-24 18:26:12,69.2167,-51.1,19.42,42,100,4.61
210,Argir,FO,2022-01-24 18:26:12,61.9959,-6.7715,40.17,71,99,13.76
211,Zaozerne,UA,2022-01-24 18:26:13,45.1582,33.2787,27.95,89,100,8.81
212,Axim,GH,2022-01-24 18:26:13,4.8699,-2.2405,82.11,71,81,7.92
213,Sur,OM,2022-01-24 18:26:13,22.5667,59.5289,69.03,64,0,9.66
214,Kasempa,ZM,2022-01-24 18:26:14,-13.4584,25.8338,64.65,88,100,4.72
215,Lebu,CL,2022-01-24 18:26:14,-37.6167,-73.65,64.65,71,4,17.29
216,Mitsamiouli,KM,2022-01-24 18:26:14,-11.3847,43.2844,84.49,74,75,13.8
217,Valcourt,CA,2022-01-24 18:26:15,45.5001,-72.3158,13.01,70,54,5.44
218,Vao,NC,2022-01-24 18:26:15,-22.6667,167.4833,76.95,67,72,4.29
219,Barra Do Garcas,BR,2022-01-24 18:26:16,-15.89,-52.2567,91.98,55,40,0.0
220,Puksoozero,RU,2022-01-24 18:26:16,62.5903,40.6066,27.37,92,100,15.12
221,Curvelo,BR,2022-01-24 18:26:16,-18.7564,-44.4308,86.14,44,59,4.27
222,Kargasok,RU,2022-01-24 18:26:17,59.0556,80.8572,-4.68,100,91,3.27
223,Yaan,NG,2022-01-24 18:26:17,7.3833,8.5667,87.04,12,10,5.46
224,Naze,JP,2022-01-24 18:26:18,28.3667,129.4833,60.22,83,90,15.17
225,Honolulu,US,2022-01-24 18:21:40,21.3069,-157.8583,73.22,64,20,4.0
226,Alta Floresta,BR,2022-01-24 18:26:18,-9.8756,-56.0861,91.22,58,75,3.44
227,Endicott,US,2022-01-24 18:26:18,42.0984,-76.0494,24.17,62,75,1.01
228,Taltal,CL,2022-01-24 18:27:19,-25.4,-70.4833,69.44,69,15,6.08
229,Bay Roberts,CA,2022-01-24 18:27:19,47.5999,-53.2648,34.52,90,100,3.0
230,Poum,NC,2022-01-24 18:27:19,-20.2333,164.0167,79.03,71,4,12.46
231,Fort Nelson,CA,2022-01-24 18:27:20,58.8053,-122.7002,17.19,93,40,0.0
232,Vikhorevka,RU,2022-01-24 18:27:20,56.1201,101.1636,-2.61,98,100,1.86
233,Trincomalee,LK,2022-01-24 18:27:20,8.5711,81.2335,77.29,69,100,4.85
234,Broken Hill,AU,2022-01-24 18:27:21,-31.95,141.4333,71.31,78,100,10.36
235,Kihei,US,2022-01-24 18:27:21,20.785,-156.4656,73.85,74,20,8.05
236,Vanimo,PG,2022-01-24 18:27:22,-2.6741,141.3028,77.68,85,99,2.53
237,Karakol,KG,2022-01-24 18:27:22,42.4907,78.3936,17.22,77,98,5.77
238,Bogovina,RS,2022-01-24 18:27:22,43.895,21.9403,20.44,91,55,4.43
239,East London,ZA,2022-01-24 18:27:22,-33.0153,27.9116,68.94,83,0,13.8
240,Ocampo,MX,2022-01-24 18:27:23,21.65,-101.5,69.28,34,88,23.15
241,Novodolinskiy,KZ,2022-01-24 18:27:23,49.705,72.7047,3.78,90,59,6.2
242,Takoradi,GH,2022-01-24 18:27:24,4.8845,-1.7554,82.04,71,71,8.19
243,Saint-Hyacinthe,CA,2022-01-24 18:26:30,45.6168,-72.9491,13.66,69,66,5.17
244,Alexandria,EG,2022-01-24 18:27:24,31.2156,29.9553,52.07,63,40,6.87
245,Birin,NP,2022-01-24 18:27:24,26.8865,88.0718,43.21,82,66,4.54
246,Benguela,AO,2022-01-24 18:27:25,-12.5763,13.4055,78.91,73,11,5.1
247,Dera Bugti,PK,2022-01-24 18:27:25,29.0307,69.151,52.56,35,0,0.38
248,Port Augusta,AU,2022-01-24 18:27:25,-32.5,137.7667,71.74,71,75,1.25
249,Avarua,CK,2022-01-24 18:27:26,-21.2078,-159.775,78.85,100,100,13.8
250,Meiktila,MM,2022-01-24 18:27:26,20.8667,95.8667,66.27,49,1,1.88
251,Novikovo,RU,2022-01-24 18:27:26,51.1537,37.8879,13.77,96,99,7.56
252,Sao Joao Da Barra,BR,2022-01-24 18:27:27,-21.6403,-41.0511,87.89,78,23,14.38
253,Flin Flon,CA,2022-01-24 18:27:27,54.7682,-101.865,-11.36,58,20,11.5
254,Nabire,ID,2022-01-24 18:27:27,-3.3667,135.4833,76.55,91,98,2.82
255,Tautira,PF,2022-01-24 18:27:28,-17.7333,-149.15,82.42,80,100,15.14
256,Bagotville,AU,2022-01-24 18:27:28,-28.9833,153.4167,69.82,95,99,4.23
257,Tarakan,ID,2022-01-24 18:27:28,3.3,117.6333,78.3,94,20,1.14
258,Virginia Beach,US,2022-01-24 18:23:33,36.8529,-75.978,46.62,65,40,1.01
259,Mossendjo,CG,2022-01-24 18:27:29,-2.9506,12.7261,71.96,94,96,2.35
260,Meulaboh,ID,2022-01-24 18:27:29,4.1363,96.1285,75.85,88,67,3.6
261,Wronki,PL,2022-01-24 18:23:44,52.7105,16.3804,39.61,99,100,5.35
262,Leningradskiy,RU,2022-01-24 18:27:30,69.3833,178.4167,-20.99,81,90,8.23
263,Negrar,IT,2022-01-24 18:27:30,45.5288,10.938,42.73,100,100,2.3
264,Champerico,GT,2022-01-24 18:27:30,14.3,-91.9167,90.14,59,3,9.84
265,Kirakira,SB,2022-01-24 18:27:31,-10.4544,161.9205,80.26,86,88,5.86
266,Bahir Dar,ET,2022-01-24 18:27:31,11.5936,37.3908,67.23,55,75,6.89
267,Nouadhibou,MR,2022-01-24 18:27:31,20.931,-17.0347,73.38,60,20,13.8
268,Nelson Bay,AU,2022-01-24 18:27:32,-32.7167,152.15,71.01,92,43,4.9
269,Guanay,BO,2022-01-24 18:27:32,-15.4975,-67.8797,76.51,86,100,0.87
270,Kastamonu,TR,2022-01-24 18:27:32,41.5,33.6667,21.22,94,100,3.65
271,Ahipara,NZ,2022-01-24 18:27:33,-35.1667,173.1667,66.85,94,92,11.88
272,Sovetskiy,RU,2022-01-24 18:27:33,61.3614,63.5842,1.85,98,50,4.12
273,Liwale,TZ,2022-01-24 18:27:33,-9.7667,37.9333,70.23,98,100,5.06
274,Chabahar,IR,2022-01-24 18:28:34,25.2919,60.643,66.87,38,0,4.74
275,Hithadhoo,MV,2022-01-24 18:28:34,-0.6,73.0833,81.18,76,58,10.02
276,Bathsheba,BB,2022-01-24 18:28:35,13.2167,-59.5167,84.81,54,20,19.57
277,Ecija,ES,2022-01-24 18:28:35,37.5422,-5.0826,56.75,64,90,8.61
278,Fountain Hills,US,2022-01-24 18:27:29,33.6117,-111.7174,63.05,40,0,1.99
279,Kawalu,ID,2022-01-24 18:28:35,-7.3817,108.2082,73.13,95,63,1.7
280,Angoche,MZ,2022-01-24 18:28:36,-16.2325,39.9086,77.25,79,100,19.39
281,Tabuk,PH,2022-01-24 18:28:36,17.4189,121.4443,71.67,92,76,3.76
282,Saposoa,PE,2022-01-24 18:28:36,-6.934,-76.7716,90.21,54,91,2.75
283,Vestmanna,FO,2022-01-24 18:28:37,62.1564,-7.1664,38.32,81,75,5.75
284,Yulara,AU,2022-01-24 18:28:37,-25.2406,130.9889,75.04,53,0,6.91
285,Praia,CV,2022-01-24 18:28:37,14.9215,-23.5087,79.34,57,40,19.57
286,Keetmanshoop,NA,2022-01-24 18:28:38,-26.5833,18.1333,87.06,18,71,4.56
287,Muros,ES,2022-01-24 18:28:38,42.7762,-9.0603,53.83,82,33,2.84
288,Tulun,RU,2022-01-24 18:28:38,54.5611,100.5792,5.72,98,100,2.35
289,Shelburne,CA,2022-01-24 18:28:39,44.0787,-80.2041,19.13,92,100,11.68
290,Shakhtinsk,KZ,2022-01-24 18:28:39,49.71,72.5872,3.76,90,55,6.46
291,Mirnyy,RU,2022-01-24 18:28:39,62.5353,113.9611,-3.77,84,99,4.0
292,Talnakh,RU,2022-01-24 18:28:40,69.4865,88.3972,-4.32,98,100,10.89
293,Cockburn Town,TC,2022-01-24 18:28:40,21.4612,-71.1419,80.56,65,40,5.75
294,Liuli,TZ,2022-01-24 18:28:40,-11.0833,34.6333,76.06,79,100,5.77
295,Walvis Bay,NA,2022-01-24 18:28:41,-22.9575,14.5053,88.75,40,10,8.05
296,Nekhayevskiy,RU,2022-01-24 18:28:41,50.4106,41.7561,13.51,99,99,4.99
297,Strezhevoy,RU,2022-01-24 18:28:41,60.7333,77.5889,8.58,100,97,2.59
298,Diamantina,BR,2022-01-24 18:28:42,-18.2494,-43.6003,71.91,69,88,7.63
299,Boshnyakovo,RU,2022-01-24 18:28:42,49.6333,142.1667,3.02,91,85,4.68
300,Airai,TL,2022-01-24 18:28:42,-8.9266,125.4092,60.98,87,100,2.51
301,Nizhniy Odes,RU,2022-01-24 18:28:42,63.6445,54.856,14.72,95,100,9.53
302,Alghero,IT,2022-01-24 18:28:43,40.5589,8.3181,48.29,81,0,8.05
303,Buenaventura,CO,2022-01-24 18:28:43,3.8801,-77.0312,81.3,86,83,8.05
304,Vanavara,RU,2022-01-24 18:28:43,60.34,102.2797,-8.46,100,100,1.83
305,Summerside,CA,2022-01-24 18:24:26,46.3959,-63.7876,24.12,74,50,8.16
306,Karoi,ZW,2022-01-24 18:28:44,-16.8099,29.6925,64.09,91,100,8.72
307,Saint-Paul,RE,2022-01-24 18:28:44,-21.0096,55.2707,78.91,80,40,1.21
308,Port Keats,AU,2022-01-24 18:28:45,-14.25,129.55,77.76,90,100,11.05
309,Tezu,IN,2022-01-24 18:28:45,27.9167,96.1667,52.41,93,57,4.18
310,Cienfuegos,CU,2022-01-24 18:28:45,22.1461,-80.4356,78.94,50,20,6.91
311,Nishihara,JP,2022-01-24 18:28:46,26.1842,127.7558,65.48,83,20,8.05
312,Mount Gambier,AU,2022-01-24 18:28:16,-37.8333,140.7667,71.51,60,98,8.05
313,Nalut,LY,2022-01-24 18:28:46,30.3333,10.85,48.11,48,13,9.71
314,Nakamura,JP,2022-01-24 18:28:46,32.9833,132.9333,47.35,86,100,1.48
315,Olavarria,AR,2022-01-24 18:28:47,-36.8927,-60.3225,88.02,54,6,4.83
316,Los Llanos De Aridane,ES,2022-01-24 18:28:47,28.6585,-17.9182,65.12,71,40,5.99
317,Cabedelo,BR,2022-01-24 18:29:47,-6.9811,-34.8339,86.67,62,81,9.69
318,Egvekinot,RU,2022-01-24 18:29:48,66.3167,-179.1667,-24.2,87,9,11.83
319,Luganville,VU,2022-01-24 18:29:48,-15.5333,167.1667,79.9,83,98,2.84
320,Luderitz,NA,2022-01-24 18:29:48,-26.6481,15.1594,80.4,55,23,17.85
321,Miri,MY,2022-01-24 18:29:49,4.4148,114.0089,73.54,94,40,2.3
322,Sioux Lookout,CA,2022-01-24 18:29:49,50.1001,-91.917,-10.82,77,20,8.05
323,Portobelo,PA,2022-01-24 18:29:49,9.55,-79.65,89.06,70,75,12.3
324,Punto Fijo,VE,2022-01-24 18:29:50,11.6956,-70.1996,83.03,59,63,22.95
325,Iracoubo,GF,2022-01-24 18:29:50,5.4802,-53.2011,77.36,84,99,10.71
326,Cuauhtemoc,MX,2022-01-24 18:29:51,28.4167,-106.8667,46.72,29,2,11.21
327,Keta,GH,2022-01-24 18:29:51,5.9179,0.9879,84.42,64,24,10.2
328,Newport,GB,2022-01-24 18:29:35,51.5877,-2.9984,41.63,83,100,3.24
329,Rexburg,US,2022-01-24 18:29:52,43.826,-111.7897,20.46,77,100,3.44
330,Tucumcari,US,2022-01-24 18:29:52,35.1717,-103.725,57.94,27,0,8.05
331,Kenai,US,2022-01-24 18:29:52,60.5544,-151.2583,35.1,93,75,9.22
332,Larsnes,NO,2022-01-24 18:29:53,62.2028,5.5773,41.68,78,100,15.99
333,Fayaoue,NC,2022-01-24 18:29:53,-20.65,166.5333,80.24,76,58,5.93
334,Adre,TD,2022-01-24 18:29:53,13.4667,22.2,73.53,19,12,3.98
335,Toppenish,US,2022-01-24 18:29:53,46.3774,-120.3087,31.86,77,10,2.15
336,Garoua,CM,2022-01-24 18:29:54,9.3,13.4,81.0,18,0,5.75
337,Olafsvik,IS,2022-01-24 18:29:54,64.8945,-23.7142,36.86,94,100,16.44
338,Magadan,RU,2022-01-24 18:29:54,59.5667,150.8,-15.84,85,81,7.16
339,Conceicao Do Araguaia,BR,2022-01-24 18:29:55,-8.2578,-49.2647,85.28,66,79,5.28
340,General Pico,AR,2022-01-24 18:29:55,-35.6566,-63.7568,88.07,46,2,6.33
341,Shirokiy,RU,2022-01-24 18:29:56,49.758,129.523,-19.37,100,65,2.53
342,Pultusk,PL,2022-01-24 18:29:56,52.7025,21.0828,35.1,65,99,9.42
343,Adrar,MR,2022-01-24 18:29:56,20.5022,-10.0711,77.79,15,97,9.24
344,Batagay-Alyta,RU,2022-01-24 18:29:57,67.8006,130.4114,-17.25,98,96,3.94
345,Dongning,CN,2022-01-24 18:29:57,44.0622,131.1207,1.26,94,97,2.89
346,Sao Joao Da Boa Vista,BR,2022-01-24 18:29:57,-21.9692,-46.7981,93.15,67,33,2.68
347,Baruun-Urt,MN,2022-01-24 18:29:57,46.6806,113.2792,-0.35,97,96,4.52
348,Semporna,MY,2022-01-24 18:29:58,4.4818,118.6112,77.2,90,100,11.95
349,Lagos,NG,2022-01-24 18:29:58,6.5833,3.75,84.52,68,3,6.71
350,Kruisfontein,ZA,2022-01-24 18:29:58,-34.0033,24.7314,71.89,90,19,17.13
351,Yankton,US,2022-01-24 18:29:59,42.8711,-97.3973,21.11,68,0,17.27
352,Sorong,ID,2022-01-24 18:29:59,-0.8833,131.25,81.39,80,32,8.88
353,Toamasina,MG,2022-01-24 18:30:00,-18.1667,49.3833,77.0,94,40,4.61
354,Bonthe,SL,2022-01-24 18:30:00,7.5264,-12.505,82.69,66,62,11.07
355,Zyryanovsk,KZ,2022-01-24 18:30:01,49.7386,84.2719,-20.18,100,90,1.95
356,Canby,US,2022-01-24 18:30:02,45.2629,-122.6926,47.95,93,100,0.0
357,Nyagan,RU,2022-01-24 18:30:02,62.1406,65.3936,2.41,99,88,4.72
358,Superior,US,2022-01-24 18:30:03,46.7208,-92.1041,10.22,56,0,6.91
359,Bullhead City,US,2022-01-24 18:30:04,35.1478,-114.5683,64.72,26,0,14.97
360,San Quintin,MX,2022-01-24 18:30:04,30.4833,-115.95,65.55,42,0,4.7
361,Gigmoto,PH,2022-01-24 18:31:05,13.7796,124.39,78.22,88,99,13.76
362,Vila Do Maio,CV,2022-01-24 18:31:06,15.1333,-23.2167,79.59,77,90,7.09
363,Caravelas,BR,2022-01-24 18:31:06,-17.7125,-39.2481,81.73,67,100,8.28
364,Mount Isa,AU,2022-01-24 18:31:06,-20.7333,139.5,73.17,100,75,5.75
365,Henties Bay,NA,2022-01-24 18:31:07,-22.116,14.2845,75.85,70,0,8.48
366,Santa Rosa,PH,2022-01-24 18:31:07,14.3122,121.1114,78.12,75,100,6.62
367,Kloulklubed,PW,2022-01-24 18:31:08,7.0419,134.2556,79.3,78,100,15.73
368,Ocho Rios,JM,2022-01-24 18:31:08,18.4025,-77.1048,85.75,66,28,4.54
369,Neuquen,AR,2022-01-24 18:31:08,-38.9516,-68.0591,84.09,32,0,3.44
370,Ranong,TH,2022-01-24 18:31:09,9.9658,98.6348,73.78,89,45,4.16
371,Lagoa,PT,2022-01-24 18:31:09,39.05,-27.9833,58.44,67,96,8.59
372,Colon,PA,2022-01-24 18:31:09,9.3592,-79.9014,90.46,54,14,18.01
373,Kushmurun,KZ,2022-01-24 18:31:10,52.4503,64.6311,-9.58,94,99,3.15
374,Kiunga,PG,2022-01-24 18:31:10,-6.1219,141.2906,74.41,100,100,0.2
375,Lana,IT,2022-01-24 18:31:10,46.6124,11.1559,48.6,65,5,3.4
376,Biltine,TD,2022-01-24 18:31:11,14.5333,20.9167,73.9,14,21,8.25
377,Irece,BR,2022-01-24 18:31:11,-11.3042,-41.8558,81.07,51,100,6.2
378,Dargaville,NZ,2022-01-24 18:31:11,-35.9333,173.8833,65.46,94,100,10.45
379,Svetlaya,RU,2022-01-24 18:31:12,46.5389,138.3297,7.32,78,2,6.78
380,Ranot,TH,2022-01-24 18:31:12,7.7777,100.3213,78.42,77,91,5.28
381,Chifeng,CN,2022-01-24 18:31:13,42.2683,118.9636,18.46,76,6,4.27
382,Rio Grande,BR,2022-01-24 18:31:13,-32.035,-52.0986,91.51,83,12,15.97
383,Puerto Colombia,CO,2022-01-24 18:31:13,10.9878,-74.9547,87.89,70,7,21.99
384,Ikwiriri,TZ,2022-01-24 18:31:14,-7.9562,38.9716,74.82,87,99,3.78
385,Juneau,US,2022-01-24 18:30:41,58.3019,-134.4197,40.84,94,100,13.8
386,Harper,LR,2022-01-24 18:31:14,4.375,-7.7169,79.5,79,0,9.62
387,Mangrol,IN,2022-01-24 18:31:15,21.1167,70.1167,61.92,55,0,6.06
388,Safonovo,RU,2022-01-24 18:31:15,55.15,33.2167,-2.33,100,100,3.65
389,Namwala,ZM,2022-01-24 18:31:15,-15.7504,26.4384,66.0,87,100,3.56
390,Constitucion,CL,2022-01-24 18:31:16,-35.3333,-72.4167,70.14,62,5,18.95
391,Igrim,RU,2022-01-24 18:31:16,63.1906,64.4162,-2.7,99,24,4.74
392,Payakumbuh,ID,2022-01-24 18:31:16,-0.2202,100.6308,71.2,94,100,1.97
393,Novyy Urgal,RU,2022-01-24 18:31:17,51.0736,132.5642,-25.04,100,100,1.07
394,Shu,KZ,2022-01-24 18:31:17,43.5983,73.7614,30.51,79,100,5.21
395,Faya,SA,2022-01-24 18:31:18,18.3851,42.4509,55.51,51,0,1.48
396,Sisimiut,GL,2022-01-24 18:31:18,66.9395,-53.6735,20.26,67,100,14.99
397,Coro,VE,2022-01-24 18:31:19,11.4045,-69.6734,85.5,57,84,18.81
398,Comodoro Rivadavia,AR,2022-01-24 18:31:19,-45.8667,-67.5,82.26,18,20,16.11
399,Ashland,US,2022-01-24 18:31:19,40.8167,-82.2665,23.88,92,100,15.14
400,Sorland,NO,2022-01-24 18:31:20,67.667,12.6934,31.86,66,100,28.43
401,Whitehorse,CA,2022-01-24 18:30:24,60.7161,-135.0538,27.37,79,100,18.99
402,Turkmenabat,TM,2022-01-24 18:31:20,39.0733,63.5786,35.58,80,0,9.22
403,Laguna,US,2022-01-24 18:31:20,38.421,-121.4238,62.44,72,0,1.01
404,Tiarei,PF,2022-01-24 18:31:21,-17.5333,-149.3333,82.42,79,100,12.55
405,Kuminskiy,RU,2022-01-24 18:31:21,58.6667,66.5667,15.84,96,100,5.82
406,Ishigaki,JP,2022-01-24 18:31:21,24.3448,124.1572,68.58,74,88,18.63
407,Pombas,CV,2022-01-24 18:32:22,17.1503,-25.0201,74.98,74,74,10.02
408,Christchurch,NZ,2022-01-24 18:30:20,-43.5333,172.6333,60.94,92,100,2.3
409,Bangassou,CF,2022-01-24 18:32:22,4.7413,22.8184,78.12,29,12,2.64
410,Constantine,DZ,2022-01-24 18:32:23,36.365,6.6147,44.01,65,20,2.3
411,Tilichiki,RU,2022-01-24 18:32:23,60.4667,166.1,-21.71,95,26,7.27
412,Kieta,PG,2022-01-24 18:32:23,-6.2167,155.6333,79.93,85,100,3.74
413,Minab,IR,2022-01-24 18:32:24,27.1467,57.0801,58.5,51,0,1.21
414,Kokoda,PG,2022-01-24 18:32:24,-8.8785,147.7407,74.21,95,100,1.39
415,Qaqortoq,GL,2022-01-24 18:32:25,60.7167,-46.0333,28.9,93,100,18.63
416,Pushkar,IN,2022-01-24 18:32:25,26.5,74.55,51.71,56,1,5.37
417,Cheyenne,US,2022-01-24 18:32:25,41.14,-104.8203,41.61,33,0,12.66
418,Aasiaat,GL,2022-01-24 18:32:26,68.7098,-52.8699,16.56,68,100,20.2
419,Goderich,CA,2022-01-24 18:32:27,43.7501,-81.7165,20.91,86,100,12.66
420,Leh,IN,2022-01-24 18:32:27,34.1667,77.5833,0.75,90,98,2.95
421,Vostok,RU,2022-01-24 18:32:28,46.4856,135.8833,-12.89,99,56,4.47
422,Abu Dhabi,AE,2022-01-24 18:30:49,24.4667,54.3667,68.02,66,0,5.75
423,Nemuro,JP,2022-01-24 18:32:28,43.3236,145.575,21.74,74,53,11.61
424,Mende,FR,2022-01-24 18:32:29,44.6667,3.5,28.36,81,0,2.57
425,Herisau,CH,2022-01-24 18:32:29,47.3862,9.2792,31.44,93,5,3.58
426,Yurginskoye,RU,2022-01-24 18:32:30,56.8189,67.3921,10.62,87,100,8.9
427,Ornskoldsvik,SE,2022-01-24 18:32:30,63.2909,18.7153,39.02,75,40,10.36
428,Margate,GB,2022-01-24 18:32:30,51.3813,1.3862,40.3,79,61,1.01
429,Necochea,AR,2022-01-24 18:29:40,-38.5473,-58.7368,78.04,50,0,15.5
430,Itarema,BR,2022-01-24 18:32:31,-2.9248,-39.9167,84.51,62,73,13.29
431,Xining,CN,2022-01-24 18:32:31,36.6167,101.7667,18.32,74,99,1.92
432,Forrest City,US,2022-01-24 18:32:32,35.0081,-90.7898,55.26,49,63,11.74
433,Yantzaza,EC,2022-01-24 18:32:32,-3.8278,-78.7594,86.0,53,100,2.82
434,Ewo,CG,2022-01-24 18:32:32,-0.8725,14.8206,80.06,66,100,3.53
435,Aranos,NA,2022-01-24 18:32:33,-24.1333,19.1167,78.84,31,72,10.25
436,Port-Gentil,GA,2022-01-24 18:32:33,-0.7193,8.7815,80.31,80,9,10.36
437,Dakoro,NE,2022-01-24 18:32:33,14.5106,6.765,65.95,14,0,11.83
438,Suoyarvi,RU,2022-01-24 18:32:34,62.0833,32.35,32.25,97,100,13.4
439,Gornopravdinsk,RU,2022-01-24 18:32:34,60.05,69.9,17.98,96,100,5.84
440,Grand Gaube,MU,2022-01-24 18:32:34,-20.0064,57.6608,79.2,71,60,8.01
441,Verkhnyaya Inta,RU,2022-01-24 18:32:35,65.9811,60.3094,-0.49,89,60,7.14
442,Aitape,PG,2022-01-24 18:32:35,-3.1374,142.3475,77.49,86,98,3.29
443,Inuvik,CA,2022-01-24 18:32:35,68.3499,-133.7218,16.66,92,40,9.22
444,Lingao,CN,2022-01-24 18:32:36,19.9103,109.6859,68.4,96,53,12.08
445,Barinitas,VE,2022-01-24 18:32:36,8.7622,-70.4111,85.48,38,100,3.24
446,Rosarito,MX,2022-01-24 18:32:36,32.3333,-117.0333,70.23,45,0,4.34
447,Bowen,AU,2022-01-24 18:32:37,-20.0167,148.2333,73.62,73,100,10.67
448,Lufilufi,WS,2022-01-24 18:32:37,-13.8745,-171.5986,76.78,77,100,4.41
449,Dwarka,IN,2022-01-24 18:32:37,22.2394,68.9678,65.01,47,0,9.51
450,Bodden Town,KY,2022-01-24 18:32:38,19.2833,-81.25,80.6,73,20,8.01
451,Belaya Gora,RU,2022-01-24 18:32:38,68.5333,146.4167,-25.47,99,100,4.72
452,Pervoavgustovskiy,RU,2022-01-24 18:32:38,52.2264,35.0552,10.44,96,65,7.72
453,Flinders,AU,2022-01-24 18:33:39,-34.5833,150.8552,70.18,84,100,4.0
454,Doha,QA,2022-01-24 18:33:07,25.2867,51.5333,64.29,50,0,2.3
455,Sao Filipe,CV,2022-01-24 18:33:39,14.8961,-24.4956,78.49,54,83,10.69
456,Manta,EC,2022-01-24 18:33:40,-0.95,-80.7333,82.18,69,100,3.44
457,Mantua,IT,2022-01-24 18:33:40,45.1667,10.7833,40.82,94,9,6.89
458,Biak,ID,2022-01-24 18:33:40,-0.9131,122.8766,76.95,79,100,3.74
459,Mercedes,AR,2022-01-24 18:33:41,-34.6515,-59.4307,89.85,47,100,2.75
460,Vardo,NO,2022-01-24 18:33:41,70.3705,31.1107,30.4,74,0,28.77
461,Chapais,CA,2022-01-24 18:33:41,49.7834,-74.8492,-2.42,86,100,9.33
462,Ardakan,IR,2022-01-24 18:33:42,32.31,54.0175,44.98,19,0,5.48
463,Alberton,CA,2022-01-24 18:30:39,46.8168,-64.0654,15.93,70,1,7.99
464,Ossora,RU,2022-01-24 18:33:42,59.2353,163.0719,-18.92,91,5,3.85
465,Tutoia,BR,2022-01-24 18:33:42,-2.7619,-42.2744,89.58,69,100,11.74
466,Creston,US,2022-01-24 18:31:33,41.0586,-94.3614,38.52,100,100,14.97
467,Forestville,US,2022-01-24 18:33:43,38.8451,-76.875,42.26,48,0,8.05
468,Garbolovo,RU,2022-01-24 18:33:43,60.3413,30.4955,32.02,95,100,13.78
469,Kaabong,UG,2022-01-24 18:33:44,3.4836,34.1492,71.38,38,73,12.64
470,Marsh Harbour,BS,2022-01-24 18:33:44,26.5412,-77.0636,68.74,73,50,11.54
471,Curuca,BR,2022-01-24 18:33:44,-0.7289,-47.8481,80.31,78,100,7.58
472,Winburg,ZA,2022-01-24 18:33:44,-28.518,27.0093,70.79,34,82,7.16
473,Horuphav,DK,2022-01-24 18:33:45,54.9102,9.8987,41.38,93,100,6.91
474,Pimenta Bueno,BR,2022-01-24 18:30:44,-11.6725,-61.1936,86.7,68,100,1.99
475,Charters Towers,AU,2022-01-24 18:33:45,-20.1,146.2667,75.09,83,100,8.01
476,Arinos,BR,2022-01-24 18:33:46,-15.9169,-46.1056,84.09,61,100,4.88
477,Port Hawkesbury,CA,2022-01-24 18:33:46,45.6169,-61.3485,29.17,92,100,7.0
478,Omsukchan,RU,2022-01-24 18:33:12,62.5333,155.8,-25.98,98,100,3.65
479,Shar,KZ,2022-01-24 18:33:46,49.5886,81.0453,-11.85,100,100,2.77
480,Zaragoza,ES,2022-01-24 18:32:00,41.6561,-0.8773,47.86,65,0,1.01
481,Imeni Poliny Osipenko,RU,2022-01-24 18:33:47,52.4201,136.4853,-24.39,100,98,2.98
482,Labuhan,ID,2022-01-24 18:33:47,-6.8844,112.2051,78.21,87,26,10.2
483,Kargil,IN,2022-01-24 18:33:48,34.5667,76.1,3.81,94,100,4.97
484,Guymon,US,2022-01-24 18:33:48,36.6828,-101.4816,55.4,26,0,23.02
485,Salta,AR,2022-01-24 18:33:48,-24.7859,-65.4117,79.39,67,40,5.01
486,Abu Zabad,SD,2022-01-24 18:33:48,12.35,29.25,69.53,16,29,12.17
487,Cedar City,US,2022-01-24 18:31:54,37.6775,-113.0619,39.4,55,0,4.61
488,Bajil,YE,2022-01-24 18:33:49,15.0584,43.2851,78.48,69,2,4.36
489,Matam,SN,2022-01-24 18:33:49,15.6175,-13.3303,91.4,14,0,9.22
490,Ginda,IN,2022-01-24 18:33:50,30.6945,78.4932,32.22,74,12,7.83
491,Victoria,HK,2022-01-24 18:31:34,22.2855,114.1577,66.38,87,100,10.0
492,Azanka,RU,2022-01-24 18:33:50,58.0401,64.7893,13.12,98,98,5.37
493,Krasnoselkup,RU,2022-01-24 18:33:50,65.7,82.4667,-11.43,100,100,8.19
494,Tuatapere,NZ,2022-01-24 18:33:50,-46.1333,167.6833,53.82,89,70,2.35
495,Bathurst,AU,2022-01-24 18:30:13,-33.4166,149.5806,62.83,94,100,2.8
496,Jumla,NP,2022-01-24 18:33:52,29.2747,82.1838,25.21,89,25,5.79
497,Nisia Floresta,BR,2022-01-24 18:33:16,-6.0911,-35.2086,88.61,54,8,11.16
498,Onega,RU,2022-01-24 18:33:52,63.9061,38.1404,31.75,90,100,16.37
499,Aksay,RU,2022-01-24 18:33:53,47.26,39.87,29.25,91,100,8.01
500,Lasa,IT,2022-01-24 18:34:53,46.6166,10.7002,41.88,70,7,4.65
501,Grindavik,IS,2022-01-24 18:34:53,63.8424,-22.4338,37.87,87,75,13.8
502,Makakilo City,US,2022-01-24 18:34:54,21.3469,-158.0858,73.18,68,0,3.44
503,Chandbali,IN,2022-01-24 18:34:54,20.7833,86.7667,67.82,86,11,7.4
504,Denizli,TR,2022-01-24 18:34:54,37.8402,29.0698,29.25,77,100,2.86
505,Awjilah,LY,2022-01-24 18:34:55,29.1081,21.2869,52.57,61,11,8.1
506,Hirado,JP,2022-01-24 18:34:55,33.3597,129.5531,43.39,64,89,17.22
507,Candido De Abreu,BR,2022-01-24 18:34:55,-24.5669,-51.3333,94.8,35,57,3.49
508,Palestine,PS,2022-01-24 18:34:56,31.9216,35.2033,40.42,90,55,3.29
509,Reconquista,AR,2022-01-24 18:34:56,-29.15,-59.65,99.99,32,100,10.02
510,Marawi,PH,2022-01-24 18:34:56,7.9986,124.2928,68.65,99,100,3.31
511,Izhma,RU,2022-01-24 18:34:57,65.0083,53.9113,17.73,93,100,11.52
512,Jegunovce,MK,2022-01-24 18:34:57,42.0736,21.1236,22.98,79,60,3.8
513,Mongoumba,CF,2022-01-24 18:34:58,3.6415,18.5936,80.08,25,58,2.33
514,Dicabisagan,PH,2022-01-24 18:34:58,17.0818,122.4157,74.62,90,92,4.25
515,Karatau,KZ,2022-01-24 18:34:58,43.1667,70.4667,26.56,84,81,1.97
516,Iqaluit,CA,2022-01-24 18:34:59,63.7506,-68.5145,-13.27,69,75,1.99
517,Sol-Iletsk,RU,2022-01-24 18:34:59,51.1631,54.9918,3.04,89,100,6.35
518,Kropotkin,RU,2022-01-24 18:34:59,45.4375,40.5756,32.95,97,100,1.63
519,Bereda,ES,2022-01-24 18:35:00,43.2686,-7.5406,44.35,86,0,2.19
520,Gujar Khan,PK,2022-01-24 18:35:00,33.2558,73.3026,50.63,84,7,3.47
521,Yicheng,CN,2022-01-24 18:35:00,31.3705,119.8703,39.96,89,100,4.09
522,Dingle,PH,2022-01-24 18:35:01,10.9995,122.6711,74.86,92,100,8.32
523,San Ramon,US,2022-01-24 18:30:54,37.7799,-121.978,59.41,68,0,1.99
524,Seia,PT,2022-01-24 18:35:02,40.4151,-7.7086,44.51,64,2,4.21
525,Salinas,US,2022-01-24 18:35:02,36.6777,-121.6555,63.19,52,0,10.36
526,Ukrayinka,UA,2022-01-24 18:35:02,47.9167,35.35,21.49,85,75,8.99
527,Broome,US,2022-01-24 18:35:03,42.2506,-75.833,23.83,61,75,1.99
528,Niquero,CU,2022-01-24 18:35:03,20.0431,-77.5828,80.1,63,7,9.91
529,Aksarka,RU,2022-01-24 18:35:03,66.5606,67.7975,-3.73,100,100,7.99
530,Rabo De Peixe,PT,2022-01-24 18:35:04,37.8,-25.5833,61.29,88,20,9.22
531,Kushiro,JP,2022-01-24 18:35:04,42.975,144.3747,15.37,83,3,5.59
532,Ningxiang,CN,2022-01-24 18:35:04,37.34,111.2052,28.2,94,33,5.35
533,Janakpur,NP,2022-01-24 18:35:05,26.7183,85.9065,58.24,78,17,3.15
534,Piterka,RU,2022-01-24 18:35:05,50.6803,47.4454,12.27,91,100,11.63
535,Skowhegan,US,2022-01-24 18:35:05,44.7651,-69.7192,24.53,48,8,2.08
536,Coihaique,CL,2022-01-24 18:31:39,-45.5752,-72.0662,66.81,48,40,10.36
537,Makubetsu,JP,2022-01-24 18:35:06,45.3714,141.8211,17.96,72,100,1.99
538,Chumikan,RU,2022-01-24 18:35:06,54.7183,135.315,-4.81,90,9,18.1
539,Parrita,CR,2022-01-24 18:35:06,9.5201,-84.3225,100.26,55,67,7.29
540,Vorozhba,UA,2022-01-24 18:35:07,51.1733,34.2192,16.7,95,92,9.04
541,Toora-Khem,RU,2022-01-24 18:35:07,52.4675,96.11,-6.18,100,99,0.43
542,Hornepayne,CA,2022-01-24 18:35:07,49.2138,-84.7705,-2.58,81,100,6.85
543,Alice Springs,AU,2022-01-24 18:34:25,-23.7,133.8833,78.35,73,84,8.05
544,Phangnga,TH,2022-01-24 18:35:08,8.4509,98.5298,80.64,89,99,2.04
545,Lamu,KE,2022-01-24 18:35:08,-2.2717,40.902,80.82,83,100,16.78
546,La Ronge,CA,2022-01-24 18:35:08,55.1001,-105.2842,-14.55,58,20,4.61
547,Ventspils,LV,2022-01-24 18:35:09,57.3894,21.5606,39.13,87,100,10.36
548,Bandarbeyla,SO,2022-01-24 18:36:09,9.4942,50.8122,74.61,67,0,21.32
549,Fougamou,GA,2022-01-24 18:36:10,-1.2154,10.5838,76.64,82,39,1.5
550,Guerande,FR,2022-01-24 18:36:10,47.3291,-2.4283,37.96,82,0,7.56
551,Knysna,ZA,2022-01-24 18:36:10,-34.0363,23.0471,71.98,88,31,5.08
552,Vallenar,CL,2022-01-24 18:36:11,-28.5708,-70.7581,87.19,25,89,11.27
553,Batticaloa,LK,2022-01-24 18:36:11,7.7102,81.6924,75.11,71,54,3.6
554,Mana,GF,2022-01-24 18:36:11,5.6592,-53.7767,79.16,77,98,10.09
555,Lensk,RU,2022-01-24 18:36:12,60.7253,114.9278,-1.82,96,100,6.89
556,Tikhvin,RU,2022-01-24 18:36:12,59.6451,33.5294,23.85,93,100,12.1
557,Sokoni,TZ,2022-01-24 18:36:13,-6.4333,39.55,82.26,79,100,20.36
558,Muskogee,US,2022-01-24 18:36:13,35.5834,-95.3336,65.55,34,0,8.05
559,Marsa Matruh,EG,2022-01-24 18:36:13,31.3525,27.2453,48.4,61,0,8.05
560,Waddan,LY,2022-01-24 18:36:13,29.1614,16.139,49.62,67,6,8.84
561,Yanam,IN,2022-01-24 18:36:14,16.7333,82.2167,69.48,93,0,3.6
562,Bawku,GH,2022-01-24 18:36:14,11.0616,-0.2417,81.18,13,0,8.32
563,North Bend,US,2022-01-24 18:36:14,43.4065,-124.2243,51.08,76,0,4.61
564,Ganta,LR,2022-01-24 18:36:14,7.3022,-8.5308,75.58,23,29,1.83
565,Gidole,ET,2022-01-24 18:36:15,5.65,37.3667,69.13,31,100,0.74
566,Tyssedal,NO,2022-01-24 18:36:15,60.1165,6.562,39.87,96,95,7.52
567,Talgar,KZ,2022-01-24 18:36:15,43.3027,77.2395,23.16,93,100,4.47
568,Mecca,SA,2022-01-24 18:31:17,21.4267,39.8261,69.49,47,0,7.27
569,Jiuquan,CN,2022-01-24 18:36:16,39.7432,98.5174,20.34,54,29,5.08
570,Karacakoy,TR,2022-01-24 18:36:16,41.4029,28.3834,32.04,70,100,25.7
571,Manono,CD,2022-01-24 18:36:16,-7.3,27.4167,70.34,93,100,0.67
572,Beyneu,KZ,2022-01-24 18:36:17,45.3167,55.2,28.26,85,20,18.3
